{"count":1,"self":8014.6382847999994,"total":11201.2578437,"children":{"InitializeActuators":{"count":10990,"self":0.37366279999999996,"total":0.37366279999999996,"children":null},"InitializeSensors":{"count":10990,"self":1.1334746,"total":1.1334746,"children":null},"AgentSendState":{"count":224067,"self":12.0295392,"total":440.2909328,"children":{"CollectObservations":{"count":2809343,"self":112.0642304,"total":112.06423509999999,"children":null},"WriteActionMask":{"count":2809343,"self":2.9098884,"total":2.9098883,"children":null},"RequestDecision":{"count":2809343,"self":7.1646671999999993,"total":313.2872704,"children":{"AgentInfo.ToProto":{"count":2809343,"self":190.39610879999998,"total":306.1226034,"children":{"GenerateSensorData":{"count":2809343,"self":115.7265024,"total":115.72649709999999,"children":null}}}}}}},"DecideAction":{"count":224067,"self":2587.0872575999997,"total":2587.0872549,"children":null},"AgentAct":{"count":224067,"self":155.528704,"total":155.5733391,"children":{"AgentInfo.ToProto":{"count":923,"self":0.0085101,"total":0.044634299999999995,"children":{"GenerateSensorData":{"count":923,"self":0.036124199999999995,"total":0.036124199999999995,"children":null}}}}},"AgentInfo.ToProto":{"count":10964,"self":1.6609277,"total":2.1589836,"children":{"GenerateSensorData":{"count":10964,"self":0.4980559,"total":0.4980559,"children":null}}}},"gauges":{"HierarchicalAgent-NonLSTM.CumulativeReward":{"count":923,"max":10039.0713,"min":-18594.66,"runningAverage":2326.55566,"value":421.207642,"weightedAverage":3223.558}},"metadata":{"timer_format_version":"0.1.0","start_time_seconds":"1698030479","unity_version":"2020.3.20f1","command_line_arguments":"C:\\Program Files\\Unity\\Hub\\Editor\\2020.3.20f1\\Editor\\Unity.exe -projectpath C:\\Users\\dvijk\\HierarchicalKarting-master\\HierarchicalKarting-master -useHub -hubIPC -cloudEnvironment production -licensingIpc LicenseClient-R5Twmi23LlXuabmXNFjF9 -hubSessionId 4e7290a8-69b6-45a2-b15b-f7b17bb1e211 -accessToken ZZ0QSXIarjcSYU2tw254t55yil05e1CF1zK0F8SgwLY00cf","communication_protocol_version":"1.5.0","com.unity.ml-agents_version":"2.0.1","scene_name":"CombinedAITraining","end_time_seconds":"1698041680"}}